Arquivo;Revis√£o
testeporra.xml;
PRD-PRO-MDE-011;1
PRD-PRO-MDE-012;1
PRD-PRO-MDE-008;1
PRD-PRO-MDE-009;1
PRD-PRO-MDE-010;1
PRD-PRO-MDE-006;0
PRD-PRO-MDE-007;0
PRD-PRO-MDE-003;1
PRD-PRO-MDE-004;0
PRD-PRO-MDE-005;0
PRD-PRO-MDE-001;0
PRD-PRO-MDE-002;1
PRD-MEC-TSP-009;0
PRD-PRO-LIS-001;0
PRD-PRO-LIS-002;0
PRD-MEC-TSP-006;0
PRD-MEC-TSP-008;0
PRD-MEC-TSP-003;0
PRD-MEC-TSP-004;0
PRD-MEC-TSP-005;0
PRD-MEC-MTR-006;0
PRD-MEC-TSP-002;0
PRD-MEC-MTR-003;0
PRD-MEC-MTR-004;0
PRD-MEC-MTR-005;0
PRD-MEC-MTR-001;0
PRD-MEC-MTR-002;0
PRD-MEC-LIS-003;0
PRD-MEC-LIS-004;0
PRD-MEC-LIS-007;0
PRD-MEC-LIS-001;0
PRD-MEC-LIS-002;0
PRD-MEC-DSH-029;0
PRD-MEC-DSH-030;0
PRD-MEC-DSH-031;1
PRD-MEC-DSH-027;0
PRD-MEC-DSH-028;0
PRD-MEC-DSH-024;0
PRD-MEC-DSH-025;0
PRD-MEC-DSH-026;0
PRD-MEC-DSH-022;0
PRD-MEC-DSH-023;0
PRD-MEC-DSH-020;0
PRD-MEC-DSH-021;0
PRD-MEC-DSH-019;0
PRD-MEC-DSH-016;0
PRD-MEC-DSH-018;0
PRD-MEC-DSH-017;0
PRD-MEC-DSH-014;0
PRD-MEC-DSH-015;0
PRD-MEC-DSH-011;0
PRD-MEC-DSH-012;0
PRD-MEC-DSH-013;0
PRD-MEC-DSH-009;0
PRD-MEC-DSH-010;0
PRD-MEC-DSH-006;0
PRD-MEC-DSH-007;0
PRD-MEC-DSH-008;0
PRD-MEC-DSH-004;0
PRD-MEC-DSH-005;0
PRD-MEC-DSH-001;0
PRD-MEC-DSH-002;0
PRD-MEC-DSH-003;0
PRD-MEC-CLC-010;0
PRD-MEC-CRT-001;0
PRD-MEC-CLC-007;0
PRD-MEC-CLC-008;0
PRD-MEC-CLC-009;0
PRD-MEC-CLC-005;0
PRD-MEC-CLC-006;0
PRD-MEC-CLC-002;0
PRD-MEC-CLC-003;0
PRD-MEC-CLC-004;0
PRD-AIC-TSP-026;0
PRD-MEC-CLC-001;0
PRD-AIC-TSP-016;2
PRD-AIC-TSP-017;1
PRD-AIC-TSP-025;1
PRD-AIC-TSP-014;1
PRD-AIC-TSP-015;0
PRD-AIC-TSP-009;0
PRD-AIC-TSP-010;2
PRD-AIC-TSP-013;1
PRD-AIC-TSP-003;1
PRD-AIC-TSP-008;2
PRD-AIC-LIS-044;0
PRD-AIC-LIS-045;4
PRD-AIC-LIS-046;0
PRD-AIC-LIS-042;0
PRD-AIC-LIS-043;2
PRD-AIC-LIS-039;0
PRD-AIC-LIS-040;1
PRD-AIC-LIS-041;1
PRD-AIC-LIS-037;3
PRD-AIC-LIS-038;2
PRD-AIC-LIS-034;0
PRD-AIC-LIS-035;2
PRD-AIC-LIS-036;1
PRD-AIC-LIS-032;0
PRD-AIC-LIS-033;0
PRD-AIC-LIS-029;0
PRD-AIC-LIS-030;0
PRD-AIC-LIS-031;0
PRD-AIC-LIS-027;0
PRD-AIC-LIS-028;0
PRD-AIC-LIS-024;0
PRD-AIC-LIS-025;0
PRD-AIC-LIS-026;0
PRD-AIC-LIS-022;0
PRD-AIC-LIS-023;1
PRD-AIC-LIS-019;1
PRD-AIC-LIS-020;2
PRD-AIC-LIS-021;0
PRD-AIC-LIS-017;3
PRD-AIC-LIS-018;3
PRD-AIC-LIS-014;3
PRD-AIC-LIS-015;1
PRD-AIC-LIS-012;1
PRD-AIC-LIS-009;2
PRD-AIC-LIS-010;2
PRD-AIC-LIS-011;0
PRD-AIC-LIS-008;0
PRD-AIC-LIS-005;1
PRD-AIC-LIS-006;1
PRD-AIC-LIS-004;2
PRD-AIC-LIS-002;0
PRD-AIC-LIS-003;3
PRD-AIC-LIS-001;3A
PRD-AIC-DSH-079;1
PRD-AIC-DSH-080;0
PRD-AIC-DSH-078;1
PRD-AIC-DSH-076;1
PRD-AIC-DSH-077;1
PRD-AIC-DSH-075;1
PRD-AIC-DSH-073;1
PRD-AIC-DSH-074;0
PRD-AIC-DSH-072;0
PRD-AIC-DSH-070;0
PRD-AIC-DSH-071;1
PRD-AIC-DSH-069;0
PRD-AIC-DSH-066;2
PRD-AIC-DSH-068;0
PRD-AIC-DSH-065;1
PRD-AIC-DSH-062;0
PRD-AIC-DSH-063;2
PRD-AIC-DSH-061;0
PRD-AIC-DSH-058;0
PRD-AIC-DSH-060;2
PRD-AIC-DSH-057;0
PRD-AIC-DSH-054;1
PRD-AIC-DSH-055;2
PRD-AIC-DSH-052;2
PRD-AIC-DSH-050;2
PRD-AIC-DSH-051;2
PRD-AIC-DSH-049;1
PRD-AIC-DSH-046;2
PRD-AIC-DSH-048;2
PRD-AIC-DSH-043;2
PRD-AIC-DSH-039;1
PRD-AIC-DSH-042;2
PRD-AIC-DSH-037;2
PRD-AIC-DSH-036;2
PRD-AIC-DSH-034;1
PRD-AIC-DSH-035;1
PRD-AIC-DSH-032;2
PRD-AIC-DSH-027;2
PRD-AIC-DSH-028;1
PRD-AIC-DSH-031;2
PRD-AIC-DSH-025;2
PRD-AIC-DSH-020;2
PRD-AIC-DSH-023;2
PRD-AIC-DSH-018;2
PRD-AIC-DSH-014;2
PRD-AIC-DSH-016;1
PRD-AIC-DSH-013;2
PRD-AIC-DSH-011;1
PRD-AIC-DSH-012;1
PRD-AIC-DSH-010;2
PRD-AIC-DSH-005;2
PRD-AIC-DSH-008;2
PRD-AIC-DSH-004;1
PRD-AIC-DSH-001;2
PRD-AIC-DSH-002;2
PRD-AIC-CLC-001;0
ITD19439;Equipment-List
ITD19439;Equipment-List
CQV-DOC-URS-111;1.0
CQV-DOC-URS-110;1.0
7F-I-1-3-14;2
7F-I-1-3-13;1
7F-I-1-3-12;1
7C-M-0-5-61;1
7C-M-0-5-41;0
7C-I-1-3-13;1
7C-I-1-3-12;1
7C-I-1-3-11;1
7C-I-1-3-01;1
7C-I-0-0-01;0
7B-Z-0-2-83;0
7B-Z-0-2-82;0
7B-Z-0-2-81;1
7B-Z-0-2-80;1
7B-Z-0-2-77;0
7B-Z-0-2-76;0
7B-Z-0-2-74;0
7B-Z-0-2-73;0
7B-Z-0-2-72;0
7B-Z-0-2-71;0
7B-Z-0-2-70;0
7B-Z-0-2-69;0
7B-Z-0-2-66;0
7B-Z-0-2-65;0
7B-Z-0-2-64;0
7B-Z-0-2-63;0
7B-Z-0-2-62;0
7B-Z-0-2-61;0
7B-Z-0-2-60;0
7B-Z-0-2-59;0
7B-Z-0-2-58;0
7B-Z-0-2-57;0
7B-Z-0-2-55;0
7B-Z-0-2-56;0
7B-Z-0-2-54;0
7B-Z-0-2-53;0
7B-Z-0-2-52;0
7B-Z-0-2-51;0
7B-Z-0-2-50;0
7B-Z-0-2-48;0
7B-Z-0-2-49;0A-CIP-SYSTEM-3-BUFFER-AREA-R0.pdf
7B-Z-0-2-47;0
7B-Z-0-2-46;0A-CIP-SYSTEM-2-MEDIA-AND-FERM-AREA-R0.pdf
7B-Z-0-2-45;0
7B-Z-0-2-44;0
7B-Z-0-2-43;0A-CIP-SYSTEM-1-MEDIA-AND-FERM-AREA-R0.pdf
7B-Z-0-2-40;0A
7B-Z-0-2-39;0A
7B-Z-0-2-37;1A
7B-Z-0-2-36;1A
7B-Z-0-2-35;1A
7B-Z-0-2-34;0A
7B-Z-0-2-33;1A
7B-Z-0-2-32;1
7B-Z-0-2-31;0
7B-Z-0-2-30;0
7B-Z-0-2-29;0
7B-Z-0-2-28;0
7B-Z-0-2-27;0
7B-Z-0-2-26;0A
7B-Z-0-2-25;0A
7B-Z-0-2-24;0A
7B-Z-0-2-23;0A
7B-Z-0-2-22;0A
7B-Z-0-2-21;0A
7B-Z-0-2-20;0A
7B-Z-0-2-17;0A
7B-Z-0-2-16;0A
7B-Z-0-2-15;0A
7B-Z-0-2-14;0A
7B-Z-0-2-13;0A
7B-Z-0-2-12;0A
7B-Z-0-2-11;0A
7B-Z-0-2-10;0A
7B-Z-0-2-09;0A
7B-Z-0-2-08;0A
7B-Z-0-2-07;1
7B-Z-0-2-05;0A
7B-Z-0-2-04;0A
7B-Z-0-2-03;1A
7B-Z-0-2-02;1A
7B-Z-0-2-01;1A
7B-Z-0-0-01;7B
7B-M-3-3-30;0
7B-M-1-3-10;0
7B-M-0-5-81;1
7B-M-0-5-62;0
7B-M-0-5-61;0
7B-M-0-5-58;0
7B-M-0-5-57;0
7B-M-0-5-56;0
7B-M-0-5-55;0
7B-M-0-5-54;0
7B-M-0-5-53;1A
7B-M-0-5-52;0
7B-M-0-5-49;0
7B-M-0-5-48;0
7B-M-0-5-47;0
7B-M-0-5-46;0A
7B-M-0-5-45;1
7B-M-0-5-44;1A
7B-M-0-5-43;0
7B-M-0-5-42;1
7B-M-0-5-41;0
7B-I-3-4-30;0
7B-I-3-3-34;1
7B-I-3-3-33;1
7B-I-3-3-32;1
7B-I-3-3-31;1
7B-I-3-3-30;1
7B-I-2-4-26;0
7B-I-2-4-25;2
7B-I-2-4-21;0
7B-I-2-4-20;2
7B-I-2-3-25;1
7B-I-2-3-24;1
7B-I-2-3-23;1
7B-I-2-3-22;1
7B-I-2-3-21;1
7B-I-2-3-20;1
7B-I-1-4-11;0
7B-I-1-4-10;2
7B-I-1-3-15;1
7B-I-1-3-14;1
7B-I-1-3-13;1
7B-I-1-3-12;1
7B-I-1-3-11;1
7B-I-1-3-10;1
7B-I-0-7-06;0
7B-I-0-7-05;0
7B-I-0-7-04;2
7B-I-0-7-03;1
7B-I-0-7-02;0
7B-I-0-7-01;0
7B-I-0-3-32;0
7B-I-0-3-31;1
7B-I-0-3-30;1
7B-I-0-3-29;2
7B-I-0-3-28;2
7B-I-0-3-27;2
7B-I-0-3-26;0
7B-I-0-3-25;2
7B-I-0-3-24;1
7B-I-0-3-23;1
7B-I-0-3-22;1
7B-I-0-3-21;1
7B-I-0-3-20;1
7B-I-0-3-19;1
7B-I-0-3-18;1
7B-I-0-3-17;1
7B-I-0-3-16;1
7B-I-0-3-15;1
7B-I-0-3-14;1
7B-I-0-3-13;1
7B-I-0-3-12;0
7B-I-0-3-11;0
7B-I-0-3-10;2
7B-I-0-3-09;0
7B-I-0-3-08;0
7B-I-0-3-07;0
7B-I-0-3-06;2
7B-I-0-3-05;1
7B-I-0-3-04;0
7B-I-0-3-03;1
7B-I-0-3-02;1
7B-I-0-1-01;4
7B-I-0-3-01;1
7B-I-0-0-01;0
7A-Z-0-2-37;0
7A-Z-0-2-36;0
7A-Z-0-2-34;0
7A-Z-0-2-31;0
7A-Z-0-2-30;0
7A-Z-0-2-29;0
7A-Z-0-2-28;0
7A-Z-0-2-27;0
7A-Z-0-2-26;0
7A-Z-0-2-25;0
7A-Z-0-2-24;0
7A-Z-0-2-23;0
7A-Z-0-2-22;0
7A-Z-0-2-21;0A-CIP-SYSTEM-R0.pdf
7A-Z-0-2-20;0
7A-Z-0-2-10;0
7A-Z-0-2-09;0
7A-Z-0-2-08;0
7A-Z-0-2-07;0
7A-Z-0-2-06;0
7A-Z-0-2-05;0
7A-Z-0-2-04;0
7A-Z-0-2-03;0
7A-Z-0-2-02;0
7A-Z-0-2-01;0
7A-M-3-3-30;0
7A-M-1-3-10;0
7A-M-0-5-81;1
7A-M-0-5-62;0
7A-M-0-5-61;0
7A-M-0-5-56;0
7A-M-0-5-55;0
7A-M-0-5-54;0
7A-M-0-5-53;0
7A-M-0-5-50;0
7A-M-0-5-49;0
7A-M-0-5-48;0
7A-M-0-5-47;0A
7A-M-0-5-46;1
7A-M-0-5-45;1A
7A-M-0-5-44;1
7A-M-0-5-43;1A
7A-M-0-5-42;1
7A-M-0-5-41;0
7A-I-3-3-34;1
7A-I-3-3-33;1
7A-I-3-3-32;1
7A-I-3-3-31;3
7A-I-3-3-30;1
7A-I-2-4-26;0
7A-I-2-4-25;2
7A-I-2-4-21;1
7A-I-2-4-20;2
7A-I-2-3-25;1
7A-I-2-3-24;1
7A-I-2-3-23;1
7A-I-2-3-22;1
7A-I-2-3-20;1
7A-I-1-4-11;1
7A-I-1-4-10;2
7A-I-1-3-15;1
7A-I-1-3-14;1
7A-I-1-3-13;1
7A-I-1-3-12;1
7A-I-1-3-11;2
7A-I-1-3-10;1
7A-I-0-7-06;0
7A-I-0-7-05;0
7A-I-0-7-04;4
7A-I-0-7-03;1
7A-I-0-7-02;0
7A-I-0-7-01;0
7A-I-0-3-28;2
7A-I-0-3-27;1
7A-I-0-3-26;4A
7A-I-0-3-25;0
7A-I-0-3-24;2
7A-I-0-3-23;0
7A-I-0-3-21;2
7A-I-0-3-20;1
7A-I-0-3-19;1
7A-I-0-3-18;1
7A-I-0-3-17;1
7A-I-0-3-16;1
7A-I-0-3-14;0
7A-I-0-3-13;1
7A-I-0-3-12;1
7A-I-0-3-11;0
7A-I-0-3-10;4
7A-I-0-3-09;0
7A-I-0-3-08;1
7A-I-0-3-07;0
7A-I-0-3-06;2
7A-I-0-3-05;0
7A-I-0-3-04;0
7A-I-0-3-03;1
7A-I-0-3-02;1
7A-I-0-3-01;1
7A-I-0-1-01;4
7A-I-0-0-01;0
07-M-0-5-01;0
07-I-0-8-03;1
07-I-0-8-02;1
07-I-0-8-01;1
07-I-0-6-03;0
07-I-0-6-02;0
07-I-0-6-01;0
07-I-0-3-01;0
